id	name	versionNumber	versionLabel	isLatestVersion	benefactorId	createdOn	modifiedOn	createdBy	modifiedBy	md5	pair	reads	sample	size	type
syn21557772	BM10_R1.fastq.gz	3	3	TRUE	16925027	2020-01-30T00:06:44.357Z	2020-02-20T16:51:00.330Z	3346401	3360851	4bd34a5cdb633202951cef8c66ba2705	R1	121426778	BM10	6417824745	Biological Mix
syn21558188	BM10_R2.fastq.gz	1	1	TRUE	16925027	2020-01-30T04:49:06.599Z	2020-02-20T16:51:00.697Z	3346401	3360851	dcf79546f00188548004a32aa9842e71	R2	121426778	BM10	6528781384	Biological Mix
syn21558308	BM11_R1.fastq.gz	1	1	TRUE	16925027	2020-01-30T05:08:34.370Z	2020-02-20T16:51:01.073Z	3346401	3360851	906940bcc4f0b96a11ad8eb49df90999	R1	122583285	BM11	6496797724	Biological Mix
syn21559354	BM11_R2.fastq.gz	1	1	TRUE	16925027	2020-01-30T05:29:58.316Z	2020-02-20T16:51:01.453Z	3346401	3360851	01a23380c3e339368a4c517ecef0e358	R2	122583285	BM11	6833934916	Biological Mix
syn21559356	BM12_R1.fastq.gz	1	1	TRUE	16925027	2020-01-30T05:43:08.694Z	2020-02-20T16:51:01.822Z	3346401	3360851	9b447f60bd3f0ac66ee2d39289746672	R1	93646502	BM12	5001304779	Biological Mix
syn21559357	BM12_R2.fastq.gz	1	1	TRUE	16925027	2020-01-30T05:56:12.922Z	2020-02-20T16:51:02.209Z	3346401	3360851	7b637262f50c61e477344a904196e4be	R2	93646502	BM12	5194977053	Biological Mix
syn21559361	BM13_R1.fastq.gz	1	1	TRUE	16925027	2020-01-30T06:13:22.767Z	2020-02-20T16:51:02.638Z	3346401	3360851	5a16bc662e8caeecf0f910ff67c4decb	R1	98165062	BM13	5168451582	Biological Mix
syn21559362	BM13_R2.fastq.gz	1	1	TRUE	16925027	2020-01-30T06:30:29.449Z	2020-02-20T16:51:03.010Z	3346401	3360851	a36b21c0ed128a9dcd3ea7ff86113802	R2	98165062	BM13	5459405601	Biological Mix
syn21559364	BM14_R1.fastq.gz	1	1	TRUE	16925027	2020-01-30T06:46:28.851Z	2020-02-20T16:51:03.377Z	3346401	3360851	4cd81b717267fefae7d80b86369579f0	R1	103141121	BM14	5508919584	Biological Mix
syn21559366	BM14_R2.fastq.gz	1	1	TRUE	16925027	2020-01-30T07:02:00.406Z	2020-02-20T16:51:03.734Z	3346401	3360851	f9f3f9c3bd6e2530b148a3452c891813	R2	103141121	BM14	5777326387	Biological Mix
syn21559377	BM15_R1.fastq.gz	1	1	TRUE	16925027	2020-01-30T07:16:05.859Z	2020-02-20T16:51:04.738Z	3346401	3360851	9acd894c1eb71535923a3cdb4e27db2d	R1	91879090	BM15	4835018576	Biological Mix
syn21559378	BM15_R2.fastq.gz	1	1	TRUE	16925027	2020-01-30T07:29:30.628Z	2020-02-20T16:51:05.105Z	3346401	3360851	8d6b4670ae6af2022eafe53a3787b8cc	R2	91879090	BM15	5042673577	Biological Mix
syn21559482	BM16_R1.fastq.gz	1	1	TRUE	16925027	2020-01-30T07:40:12.749Z	2020-02-20T16:51:05.466Z	3346401	3360851	047c5a76b92a30341626d1e39827d085	R1	83334565	BM16	4430365842	Biological Mix
syn21559484	BM16_R2.fastq.gz	1	1	TRUE	16925027	2020-01-30T07:58:38.045Z	2020-02-20T16:51:05.825Z	3346401	3360851	74d22b53a4ad15bedea8d2703bcfb2a4	R2	83334565	BM16	4610486829	Biological Mix
syn21559500	BM17_R1.fastq.gz	1	1	TRUE	16925027	2020-01-30T08:27:58.857Z	2020-02-20T16:51:06.188Z	3346401	3360851	f4dae469672c62d933775972b3b5ac33	R1	126040721	BM17	6596023135	Biological Mix
syn21559502	BM17_R2.fastq.gz	1	1	TRUE	16925027	2020-01-30T08:44:31.774Z	2020-02-20T16:51:06.587Z	3346401	3360851	5d3ee23621fc37e7f07ffc412df4d956	R2	126040721	BM17	6869721229	Biological Mix
syn21559503	BM18_R1.fastq.gz	1	1	TRUE	16925027	2020-01-30T09:02:31.446Z	2020-02-20T16:51:07.312Z	3346401	3360851	ae7d68d78d0fbe938e05c6fbef44b468	R1	113412878	BM18	5964395854	Biological Mix
syn21559505	BM18_R2.fastq.gz	1	1	TRUE	16925027	2020-01-30T09:28:58.682Z	2020-02-20T16:51:07.677Z	3346401	3360851	74a804358c871878f378fe1b0ced3816	R2	113412878	BM18	6206618971	Biological Mix
syn21559508	BM19_R1.fastq.gz	1	1	TRUE	16925027	2020-01-30T09:43:15.699Z	2020-02-20T16:51:08.036Z	3346401	3360851	05627186bf9b7229f033ab437eaaf6d1	R1	97034279	BM19	5129494509	Biological Mix
syn21559597	BM19_R2.fastq.gz	1	1	TRUE	16925027	2020-01-30T10:07:45.648Z	2020-02-20T16:51:08.395Z	3346401	3360851	17740aa4411f1b793accb64d883cc1fb	R2	97034279	BM19	5336686182	Biological Mix
syn21559598	BM1_R1.fastq.gz	1	1	TRUE	16925027	2020-01-30T10:26:08.355Z	2020-02-20T16:51:08.755Z	3346401	3360851	515438236f8deee77cca4b9e326506b3	R1	86590142	BM1	4598656973	Biological Mix
syn21559599	BM1_R2.fastq.gz	1	1	TRUE	16925027	2020-01-30T10:37:59.710Z	2020-02-20T16:51:09.114Z	3346401	3360851	24a963d760e5c99022d823f7987aca38	R2	86590142	BM1	4670491999	Biological Mix
syn21559600	BM20_R1.fastq.gz	1	1	TRUE	16925027	2020-01-30T10:57:32.173Z	2020-02-20T16:51:09.474Z	3346401	3360851	682e9c3dd7a4ca23a6da4f0be8ebaddc	R1	112512527	BM20	5975519534	Biological Mix
syn21559612	BM20_R2.fastq.gz	1	1	TRUE	16925027	2020-01-30T11:14:44.927Z	2020-02-20T16:51:09.834Z	3346401	3360851	fc0d2a6600e8282deaf9ac60c442ef68	R2	112512527	BM20	6227423934	Biological Mix
syn21559623	BM21_R1.fastq.gz	1	1	TRUE	16925027	2020-01-30T11:29:11.682Z	2020-02-20T16:51:10.204Z	3346401	3360851	8a7ba56fc510a1011c9461fa8d4547dc	R1	89709358	BM21	4759343923	Biological Mix
syn21559635	BM21_R2.fastq.gz	1	1	TRUE	16925027	2020-01-30T11:42:24.248Z	2020-02-20T16:51:10.695Z	3346401	3360851	4af8a9a92ebc9fdc0ce0901031a7ace7	R2	89709358	BM21	4984951497	Biological Mix
syn21559647	BM22_R1.fastq.gz	1	1	TRUE	16925027	2020-01-30T11:58:28.050Z	2020-02-20T16:51:11.075Z	3346401	3360851	a9841788b139a60604b13410c05a3fa1	R1	100650858	BM22	5341076507	Biological Mix
syn21559659	BM22_R2.fastq.gz	1	1	TRUE	16925027	2020-01-30T12:17:03.814Z	2020-02-20T16:51:11.441Z	3346401	3360851	49126ec1d1d2e32b981e964f2fd293e2	R2	100650858	BM22	5583111852	Biological Mix
syn21559714	BM23_R1.fastq.gz	1	1	TRUE	16925027	2020-01-30T12:30:18.040Z	2020-02-20T16:51:11.806Z	3346401	3360851	6fc7d2b241ba26aa820fe356c01d573d	R1	97678207	BM23	5136965286	Biological Mix
syn21559715	BM23_R2.fastq.gz	1	1	TRUE	16925027	2020-01-30T12:44:53.941Z	2020-02-20T16:51:12.165Z	3346401	3360851	2778f485898c56f4a07831b64d83c932	R2	97678207	BM23	5352462246	Biological Mix
syn21559716	BM24_R1.fastq.gz	1	1	TRUE	16925027	2020-01-30T12:56:14.231Z	2020-02-20T16:51:13.579Z	3346401	3360851	3e7821ce4ffb46e3fc4e34df5d8ba1f1	R1	77871832	BM24	4134791407	Biological Mix
syn21559718	BM24_R2.fastq.gz	1	1	TRUE	16925027	2020-01-30T13:08:51.209Z	2020-02-20T16:51:14.248Z	3346401	3360851	c4b8e2722088968718082e5409d86053	R2	77871832	BM24	4308233892	Biological Mix
syn21559731	BM25_R1.fastq.gz	1	1	TRUE	16925027	2020-01-30T13:24:47.330Z	2020-02-20T16:51:14.612Z	3346401	3360851	5124d978d0158c5cdb4457f881eecba6	R1	97197220	BM25	5161229897	Biological Mix
syn21559735	BM25_R2.fastq.gz	1	1	TRUE	16925027	2020-01-30T13:38:45.584Z	2020-02-20T16:51:15.649Z	3346401	3360851	3002b01fd4518c3d2b895edad7ca85d0	R2	97197220	BM25	5304585912	Biological Mix
syn21559736	BM26_R1.fastq.gz	1	1	TRUE	16925027	2020-01-30T13:58:24.251Z	2020-02-20T16:51:16.026Z	3346401	3360851	32eea776ccf3dd14ad056bb8332839cb	R1	117701432	BM26	6190065850	Biological Mix
syn21559738	BM26_R2.fastq.gz	1	1	TRUE	16925027	2020-01-30T14:15:33.857Z	2020-02-20T16:51:16.397Z	3346401	3360851	7c2a619aab3f0b1674b903f9f38dae72	R2	117701432	BM26	6424000860	Biological Mix
syn21559745	BM27_R1.fastq.gz	1	1	TRUE	16925027	2020-01-30T14:29:41.564Z	2020-02-20T16:51:17.005Z	3346401	3360851	de79a417efbed73f0e0d666d85d6f4cc	R1	87075376	BM27	4684640504	Biological Mix
syn21559758	BM27_R2.fastq.gz	1	1	TRUE	16925027	2020-01-30T14:43:54.985Z	2020-02-20T16:51:17.381Z	3346401	3360851	ae810b1f24bd8bc592067d2c4a947f33	R2	87075376	BM27	4836969294	Biological Mix
syn21559828	BM28_R1.fastq.gz	1	1	TRUE	16925027	2020-01-30T15:08:54.499Z	2020-02-20T16:51:17.772Z	3346401	3360851	62db2c018be2fb021bdffd7cc45d17bd	R1	114915064	BM28	6119034468	Biological Mix
syn21559855	BM28_R2.fastq.gz	1	1	TRUE	16925027	2020-01-30T15:46:21.013Z	2020-02-20T16:51:18.137Z	3346401	3360851	6a3d670decbf38ada8a61d43d5320748	R2	114915064	BM28	6328839343	Biological Mix
syn21559862	BM29_R1.fastq.gz	1	1	TRUE	16925027	2020-01-30T16:14:17.561Z	2020-02-20T16:51:18.492Z	3346401	3360851	1d3208991ea4b39e5ae3e6c1ece4b4f0	R1	78961559	BM29	4211238124	Biological Mix
syn21559867	BM29_R2.fastq.gz	1	1	TRUE	16925027	2020-01-30T16:35:48.088Z	2020-02-20T16:51:18.850Z	3346401	3360851	c4bb73ef7f24621156980c6d148247d8	R2	78961559	BM29	4339329414	Biological Mix
syn21559898	BM2_R1.fastq.gz	1	1	TRUE	16925027	2020-01-30T16:57:41.575Z	2020-02-20T16:51:19.206Z	3346401	3360851	4abb4ffc331843785f77a37b34c5c415	R1	102737481	BM2	5388448928	Biological Mix
syn21559924	BM2_R2.fastq.gz	1	1	TRUE	16925027	2020-01-30T17:16:32.253Z	2020-02-20T16:51:19.564Z	3346401	3360851	bea8ffa32c9ad24ddcb92bf4fe6d55f1	R2	102737481	BM2	5483258846	Biological Mix
syn21559929	BM30_R1.fastq.gz	1	1	TRUE	16925027	2020-01-30T17:32:39.280Z	2020-02-20T16:51:19.961Z	3346401	3360851	3f2696cee7e789f27acac609f0df7fb0	R1	106259447	BM30	5654686434	Biological Mix
syn21559937	BM30_R2.fastq.gz	1	1	TRUE	16925027	2020-01-30T17:55:24.600Z	2020-02-20T16:51:20.320Z	3346401	3360851	a5f7694b70c538286c1f64795f4fa09a	R2	106259447	BM30	5906972825	Biological Mix
syn21559941	BM31_R1.fastq.gz	1	1	TRUE	16925027	2020-01-30T18:10:06.167Z	2020-02-20T16:51:20.680Z	3346401	3360851	a491c802e178de65d69778f4b710ed7b	R1	116450821	BM31	6064380779	Biological Mix
syn21559987	BM31_R2.fastq.gz	1	1	TRUE	16925027	2020-01-30T18:27:50.558Z	2020-02-20T16:51:21.042Z	3346401	3360851	024a0576149ebf411bcfbdd6954ceeea	R2	116450821	BM31	6283734077	Biological Mix
syn21559989	BM32_R1.fastq.gz	1	1	TRUE	16925027	2020-01-30T18:43:45.147Z	2020-02-20T16:51:21.440Z	3346401	3360851	357b0fcd59d167c29b929ab9bf917930	R1	112058730	BM32	5945076953	Biological Mix
syn21560032	BM32_R2.fastq.gz	1	1	TRUE	16925027	2020-01-30T19:33:07.564Z	2020-02-20T16:51:21.796Z	3346401	3360851	9cb0e67fb9b9b5f4f041f4808096668c	R2	112058730	BM32	6179971626	Biological Mix
syn21560067	BM33_R1.fastq.gz	1	1	TRUE	16925027	2020-01-30T19:44:27.397Z	2020-02-20T16:51:22.161Z	3346401	3360851	97ad061c8189f6638618342d57820b66	R1	86265008	BM33	4575240837	Biological Mix
syn21560092	BM33_R2.fastq.gz	1	1	TRUE	16925027	2020-01-30T20:05:30.783Z	2020-02-20T16:51:22.558Z	3346401	3360851	9b22fe8240587fd090f6bd53f104ead4	R2	86265008	BM33	4785096503	Biological Mix
syn21560109	BM34_R1.fastq.gz	1	1	TRUE	16925027	2020-01-30T20:35:52.157Z	2020-02-20T16:51:22.916Z	3346401	3360851	7141cd6d19be2517bebe5ab0ecc3a8d8	R1	109274309	BM34	5744357890	Biological Mix
syn21560113	BM34_R2.fastq.gz	1	1	TRUE	16925027	2020-01-30T20:54:06.498Z	2020-02-20T16:51:23.271Z	3346401	3360851	68f675df5dedde628dc7c1e500823a11	R2	109274309	BM34	5986769258	Biological Mix
syn21560120	BM35_R1.fastq.gz	1	1	TRUE	16925027	2020-01-30T21:06:33.535Z	2020-02-20T16:51:23.910Z	3346401	3360851	ac6fb738490f144634a55006a95ce84a	R1	79837649	BM35	4172918707	Biological Mix
syn21560123	BM35_R2.fastq.gz	1	1	TRUE	16925027	2020-01-30T21:19:12.354Z	2020-02-20T16:51:24.650Z	3346401	3360851	a95c3203e9b799042adac126ae0ba409	R2	79837649	BM35	4334342434	Biological Mix
syn21560127	BM36_R1.fastq.gz	1	1	TRUE	16925027	2020-01-30T21:32:41.954Z	2020-02-20T16:51:25.008Z	3346401	3360851	119e4d91f5c52c49aa6a7be341423f3e	R1	78490277	BM36	4181430836	Biological Mix
syn21560145	BM36_R2.fastq.gz	1	1	TRUE	16925027	2020-01-30T22:03:50.358Z	2020-02-20T16:51:25.461Z	3346401	3360851	617ac8b0817d1116ba20f968d780baef	R2	78490277	BM36	4353824012	Biological Mix
syn21560200	BM37_R1.fastq.gz	1	1	TRUE	16925027	2020-01-30T22:28:15.126Z	2020-02-20T16:51:25.819Z	3346401	3360851	4eb5ff382e89f57345a5de358df957c7	R1	87957987	BM37	4654187702	Biological Mix
syn21560202	BM37_R2.fastq.gz	1	1	TRUE	16925027	2020-01-30T22:52:10.806Z	2020-02-20T16:51:26.186Z	3346401	3360851	343c6dd6c96690b0264438e9fae8cf9a	R2	87957987	BM37	4864824095	Biological Mix
syn21560205	BM38_R1.fastq.gz	1	1	TRUE	16925027	2020-01-30T23:04:40.397Z	2020-02-20T16:51:26.565Z	3346401	3360851	11cb390d6da63b42557f823d50a8700d	R1	86667439	BM38	4598466102	Biological Mix
syn21560224	BM38_R2.fastq.gz	1	1	TRUE	16925027	2020-01-30T23:18:01.532Z	2020-02-20T16:51:27.780Z	3346401	3360851	65627b69e02c0c4f9e1f788368c820b8	R2	86667439	BM38	4812087200	Biological Mix
syn21560244	BM39_R1.fastq.gz	1	1	TRUE	16925027	2020-01-30T23:44:13.038Z	2020-02-20T16:51:28.779Z	3346401	3360851	de6e3dc331f24884d84e1df78cd6879d	R1	114156964	BM39	5987099840	Biological Mix
syn21560283	BM39_R2.fastq.gz	1	1	TRUE	16925027	2020-01-31T00:14:12.579Z	2020-02-20T16:51:29.691Z	3346401	3360851	2ba5eb0bf2cdd1a045e4ffd3c7308de3	R2	114156964	BM39	6230232164	Biological Mix
syn21560298	BM3_R1.fastq.gz	1	1	TRUE	16925027	2020-01-31T00:28:50.581Z	2020-02-20T16:51:30.054Z	3346401	3360851	5e46e13847c444e5c5a5c3ba12349cdc	R1	101696322	BM3	5398358501	Biological Mix
syn21560308	BM3_R2.fastq.gz	1	1	TRUE	16925027	2020-01-31T00:42:51.951Z	2020-02-20T16:51:30.407Z	3346401	3360851	7a987aff52c9d3840e34d0fb0c4ba860	R2	101696322	BM3	5492367631	Biological Mix
syn21560387	BM40_R1.fastq.gz	1	1	TRUE	16925027	2020-01-31T01:23:12.987Z	2020-02-20T16:51:31.266Z	3346401	3360851	3f244aa612bb686f071881d591abbbbe	R1	110034773	BM40	5871774509	Biological Mix
syn21560418	BM40_R2.fastq.gz	1	1	TRUE	16925027	2020-01-31T01:45:51.369Z	2020-02-20T16:51:31.631Z	3346401	3360851	cc3ec76c92d0e0c078b9bd3f97b853be	R2	110034773	BM40	6134610547	Biological Mix
syn21560427	BM41_R1.fastq.gz	1	1	TRUE	16925027	2020-01-31T02:00:19.478Z	2020-02-20T16:51:32.029Z	3346401	3360851	e016d0f0718b92ab153f100d5138ef03	R1	79264564	BM41	4214229062	Biological Mix
syn21560491	BM41_R2.fastq.gz	1	1	TRUE	16925027	2020-01-31T02:29:59.762Z	2020-02-20T16:51:32.823Z	3346401	3360851	5faf0a4c6cd1abc1c948b1385a1044e4	R2	79264564	BM41	4449562604	Biological Mix
syn21560493	BM42_R1.fastq.gz	1	1	TRUE	16925027	2020-01-31T02:44:47.576Z	2020-02-20T16:51:33.361Z	3346401	3360851	15da1d50f3ad1b3dd4c78234a0ee3e1b	R1	102101286	BM42	5422628202	Biological Mix
syn21560509	BM42_R2.fastq.gz	1	1	TRUE	16925027	2020-01-31T03:12:23.524Z	2020-02-20T16:51:33.958Z	3346401	3360851	086bcb345bb61b5034f04f84fb24c0a1	R2	102101286	BM42	5668330470	Biological Mix
syn21560522	BM43_R1.fastq.gz	1	1	TRUE	16925027	2020-01-31T03:41:03.612Z	2020-02-20T16:51:34.637Z	3346401	3360851	5647181976717b85088dabdc7467ad65	R1	105779702	BM43	5584273316	Biological Mix
syn21560602	BM43_R2.fastq.gz	1	1	TRUE	16925027	2020-01-31T04:01:27.238Z	2020-02-20T16:51:35.053Z	3346401	3360851	ad68b125ba79fd0f30fedf2b478bcc22	R2	105779702	BM43	5840276724	Biological Mix
syn21560618	BM44_R1.fastq.gz	1	1	TRUE	16925027	2020-01-31T04:18:36.976Z	2020-02-20T16:51:35.912Z	3346401	3360851	78f7d33702bfa55ce907133b1aa93533	R1	101900791	BM44	5441461449	Biological Mix
syn21560661	BM44_R2.fastq.gz	1	1	TRUE	16925027	2020-01-31T04:39:47.873Z	2020-02-20T16:51:36.278Z	3346401	3360851	9b6ed203c6ee4f64a7ced3bb7b7526fd	R2	101900791	BM44	5673562591	Biological Mix
syn21560719	BM45_R1.fastq.gz	1	1	TRUE	16925027	2020-01-31T05:01:54.436Z	2020-02-20T16:51:36.648Z	3346401	3360851	b1885cc4e82ded449256d61da569e3a5	R1	84392937	BM45	4463660692	Biological Mix
syn21560816	BM45_R2.fastq.gz	1	1	TRUE	16925027	2020-01-31T05:16:11.993Z	2020-02-20T16:51:37.009Z	3346401	3360851	fa2a713f36be6e6e9e1edb102e2e0d5b	R2	84392937	BM45	4702801775	Biological Mix
syn21560817	BM46_R1.fastq.gz	1	1	TRUE	16925027	2020-01-31T05:35:01.414Z	2020-02-20T16:51:37.739Z	3346401	3360851	8d69f257856eb4227f25685553f7f15e	R1	75543756	BM46	4043920802	Biological Mix
syn21560851	BM46_R2.fastq.gz	1	1	TRUE	16925027	2020-01-31T05:51:12.625Z	2020-02-20T16:51:38.135Z	3346401	3360851	70b6c46a2678be4973b7740a65c5b3bf	R2	75543756	BM46	4236153691	Biological Mix
syn21560874	BM47_R1.fastq.gz	1	1	TRUE	16925027	2020-01-31T06:10:35.555Z	2020-02-20T16:51:38.497Z	3346401	3360851	213e4f9691f8c9db8f82a060d60650d4	R1	125281221	BM47	6564293373	Biological Mix
syn21560901	BM47_R2.fastq.gz	1	1	TRUE	16925027	2020-01-31T06:36:12.598Z	2020-02-20T16:51:39.671Z	3346401	3360851	65fbd9e4cc9da1023c7c1b0735f682ea	R2	125281221	BM47	6817192909	Biological Mix
syn21560986	BM48_R1.fastq.gz	1	1	TRUE	16925027	2020-01-31T06:52:51.467Z	2020-02-20T16:51:40.037Z	3346401	3360851	4b8ab3c5e7d1f58d47e376d7a2caf9d5	R1	120033134	BM48	6323824668	Biological Mix
syn21561001	BM48_R2.fastq.gz	1	1	TRUE	16925027	2020-01-31T07:10:20.411Z	2020-02-20T16:51:40.411Z	3346401	3360851	8a4d42f6658b4cb4cb2597a9181c381a	R2	120033134	BM48	6585006093	Biological Mix
syn21561140	BM49_R1.fastq.gz	1	1	TRUE	16925027	2020-01-31T07:32:23.613Z	2020-02-20T16:51:41.059Z	3346401	3360851	26ca6178fa5651d318a5eb416b86c2bb	R1	108641371	BM49	5766572314	Biological Mix
syn21561182	BM49_R2.fastq.gz	1	1	TRUE	16925027	2020-01-31T07:50:40.097Z	2020-02-20T16:51:41.536Z	3346401	3360851	d8d5004bdd9fb46dfa998cf05e2d1b74	R2	108641371	BM49	6044972123	Biological Mix
syn21561194	BM4_R1.fastq.gz	1	1	TRUE	16925027	2020-01-31T08:03:37.737Z	2020-02-20T16:51:42.043Z	3346401	3360851	bf73cf20c69f916619357ad29c642b3e	R1	96514301	BM4	5161848827	Biological Mix
syn21561199	BM4_R2.fastq.gz	1	1	TRUE	16925027	2020-01-31T08:21:05.569Z	2020-02-20T16:51:42.394Z	3346401	3360851	70a42551ef4c34a740af50323b6e9f66	R2	96514301	BM4	5255083009	Biological Mix
syn21561211	BM50_R1.fastq.gz	1	1	TRUE	16925027	2020-01-31T08:36:36.653Z	2020-02-20T16:51:43.516Z	3346401	3360851	a3761ec36c3c8d0c493f9b246de67831	R1	92342509	BM50	4896125520	Biological Mix
syn21561213	BM50_R2.fastq.gz	1	1	TRUE	16925027	2020-01-31T08:48:53.717Z	2020-02-20T16:51:44.004Z	3346401	3360851	a9e092bc7f2447cb00d85da7bf7021f4	R2	92342509	BM50	5107832430	Biological Mix
syn21561228	BM51_R1.fastq.gz	1	1	TRUE	16925027	2020-01-31T09:01:40.340Z	2020-02-20T16:51:44.374Z	3346401	3360851	a1a4ef0634ccdb455d6f39ce2bdbda22	R1	82330779	BM51	4312741642	Biological Mix
syn21561235	BM51_R2.fastq.gz	1	1	TRUE	16925027	2020-01-31T09:14:29.461Z	2020-02-20T16:51:44.738Z	3346401	3360851	0bf4d7537d91fea9488d429d4e9faa34	R2	82330779	BM51	4516454421	Biological Mix
syn21561250	BM52_R1.fastq.gz	1	1	TRUE	16925027	2020-01-31T09:26:54.954Z	2020-02-20T16:51:45.138Z	3346401	3360851	3f917253e33beb7d86d404da80f362ab	R1	88711699	BM52	4693080691	Biological Mix
syn21561251	BM52_R2.fastq.gz	1	1	TRUE	16925027	2020-01-31T09:43:38.027Z	2020-02-20T16:51:45.545Z	3346401	3360851	8b490ad665aa12e4d303265c87a9ec4d	R2	88711699	BM52	4917683399	Biological Mix
syn21561348	BM53_R1.fastq.gz	1	1	TRUE	16925027	2020-01-31T10:02:43.214Z	2020-02-20T16:51:46.124Z	3346401	3360851	6645cbb3a6a1037c18caaaf6af2b1c15	R1	94809843	BM53	4994292974	Biological Mix
syn21561350	BM53_R2.fastq.gz	1	1	TRUE	16925027	2020-01-31T10:15:33.586Z	2020-02-20T16:51:46.484Z	3346401	3360851	9f13cf295a31585781f630f9e0939d4c	R2	94809843	BM53	5271765268	Biological Mix
syn21561361	BM54_R1.fastq.gz	1	1	TRUE	16925027	2020-01-31T10:28:43.698Z	2020-02-20T16:51:46.846Z	3346401	3360851	3def6e98481458b333673ad6226ad1dc	R1	86646818	BM54	4590398311	Biological Mix
syn21561386	BM54_R2.fastq.gz	1	1	TRUE	16925027	2020-01-31T10:44:29.520Z	2020-02-20T16:51:47.441Z	3346401	3360851	688700ffbcebafec5796aaaa0d84238c	R2	86646818	BM54	4836853941	Biological Mix
syn21561387	BM55_R1.fastq.gz	1	1	TRUE	16925027	2020-01-31T10:58:56.739Z	2020-02-20T16:51:47.811Z	3346401	3360851	66ea25527fb479acd37c1f899a5d2871	R1	111603775	BM55	5870449858	Biological Mix
syn21561409	BM55_R2.fastq.gz	1	1	TRUE	16925027	2020-01-31T11:14:08.050Z	2020-02-20T16:51:48.171Z	3346401	3360851	7bdf93b8623e6e325818215b5d17639a	R2	111603775	BM55	6045100425	Biological Mix
syn21561461	BM56_R1.fastq.gz	1	1	TRUE	16925027	2020-01-31T11:39:53.954Z	2020-02-20T16:51:48.575Z	3346401	3360851	f1fda63056ce99924a087a6eaa78347d	R1	119944552	BM56	6297530762	Biological Mix
syn21561892	BM56_R2.fastq.gz	1	1	TRUE	16925027	2020-01-31T11:58:36.714Z	2020-02-20T16:51:48.955Z	3346401	3360851	5b5dedd2332b8ff03d9010147869c4ba	R2	119944552	BM56	6567910930	Biological Mix
syn21562035	BM57_R1.fastq.gz	1	1	TRUE	16925027	2020-01-31T12:30:58.012Z	2020-02-20T16:51:49.318Z	3346401	3360851	60a29d2ab1031685d38d7e0756aa2e7b	R1	113443188	BM57	6026907399	Biological Mix
syn21562047	BM57_R2.fastq.gz	1	1	TRUE	16925027	2020-01-31T12:51:59.229Z	2020-02-20T16:51:49.685Z	3346401	3360851	6575bdc6d0cff7c7d53a4b84228eae39	R2	113443188	BM57	6246034220	Biological Mix
syn21562048	BM58_R1.fastq.gz	1	1	TRUE	16925027	2020-01-31T13:08:21.249Z	2020-02-20T16:51:50.633Z	3346401	3360851	95462814cdbf9cf58aa0aa6c47c9f7a9	R1	120808425	BM58	6338323213	Biological Mix
syn21562049	BM58_R2.fastq.gz	1	1	TRUE	16925027	2020-01-31T13:33:04.253Z	2020-02-20T16:51:50.993Z	3346401	3360851	321a3b3574e7f07b376254c1574efce5	R2	120808425	BM58	6639646418	Biological Mix
syn21562050	BM59_R1.fastq.gz	1	1	TRUE	16925027	2020-01-31T13:46:36.199Z	2020-02-20T16:51:51.360Z	3346401	3360851	5c09229c34829bcee7ecef371c051ba6	R1	83738942	BM59	4385731501	Biological Mix
syn21562080	BM59_R2.fastq.gz	1	1	TRUE	16925027	2020-01-31T14:20:37.106Z	2020-02-20T16:51:51.728Z	3346401	3360851	9d6923c6e5f72aaa78851887d4bd2204	R2	83738942	BM59	4528372465	Biological Mix
syn21562183	BM5_R1.fastq.gz	1	1	TRUE	16925027	2020-01-31T14:34:16.895Z	2020-02-20T16:51:52.104Z	3346401	3360851	76b15ac2cb250d86a6045c1a57855977	R1	79262540	BM5	4211923142	Biological Mix
syn21562243	BM5_R2.fastq.gz	1	1	TRUE	16925027	2020-01-31T14:54:29.470Z	2020-02-20T16:51:52.550Z	3346401	3360851	149b2ffcbf5d59748865f0d0fff91f58	R2	79262540	BM5	4301049456	Biological Mix
syn21562246	BM60_R1.fastq.gz	1	1	TRUE	16925027	2020-01-31T15:14:52.339Z	2020-02-20T16:51:52.912Z	3346401	3360851	45e8b4f5dc375a515a4cd145cf41d25a	R1	101444887	BM60	5361070205	Biological Mix
syn21562262	BM60_R2.fastq.gz	1	1	TRUE	16925027	2020-01-31T15:29:46.052Z	2020-02-20T16:51:53.283Z	3346401	3360851	b0fc22dd56f73214eeb834e83eb37c07	R2	101444887	BM60	5594978280	Biological Mix
syn21562311	BM6_R1.fastq.gz	1	1	TRUE	16925027	2020-01-31T16:13:18.229Z	2020-02-20T16:51:53.744Z	3346401	3360851	b58696c804d92806877f2a38c72dcd28	R1	84123835	BM6	4494691919	Biological Mix
syn21562396	BM6_R2.fastq.gz	1	1	TRUE	16925027	2020-01-31T16:46:40.953Z	2020-02-20T16:51:54.116Z	3346401	3360851	92b0a60a8e3485cdc9ef3aa31b596199	R2	84123835	BM6	4594726192	Biological Mix
syn21562549	BM7_R1.fastq.gz	1	1	TRUE	16925027	2020-01-31T17:09:36.480Z	2020-02-20T16:51:54.487Z	3346401	3360851	1a37a38a18cc14164d375abae2ce0e83	R1	76309008	BM7	4050493868	Biological Mix
syn21562697	BM7_R2.fastq.gz	1	1	TRUE	16925027	2020-01-31T17:55:58.548Z	2020-02-20T16:51:54.859Z	3346401	3360851	c83506193fd2144bb7921e2ea1755243	R2	76309008	BM7	4107063160	Biological Mix
syn21562852	BM8_R1.fastq.gz	1	1	TRUE	16925027	2020-01-31T18:52:01.297Z	2020-02-20T16:51:55.225Z	3346401	3360851	2180b8549865ac9f558ca5fa63dfb59a	R1	94126419	BM8	5007067565	Biological Mix
syn21562879	BM8_R2.fastq.gz	1	1	TRUE	16925027	2020-01-31T19:05:31.466Z	2020-02-20T16:51:55.594Z	3346401	3360851	da8d04c12455b0fa2fc98852a9b5e9c4	R2	94126419	BM8	5091126806	Biological Mix
syn21563026	BM9_R1.fastq.gz	1	1	TRUE	16925027	2020-01-31T19:34:39.014Z	2020-02-20T16:51:56.342Z	3346401	3360851	d47efa6e73c5b97450b069eb7a4ce8c5	R1	131705323	BM9	6940796200	Biological Mix
syn21563060	BM9_R2.fastq.gz	1	1	TRUE	16925027	2020-01-31T20:23:49.704Z	2020-02-20T16:51:57.051Z	3346401	3360851	47ffd3603cd1997a7125b9ebeecd81b7	R2	131705323	BM9	7070158409	Biological Mix
syn21563063	Breast_R1.fastq.gz	1	1	TRUE	16925027	2020-01-31T20:30:49.711Z	2020-02-18T22:58:25.060Z	3346401	3360851	a693c557e116fd3ffb0370fc2742875f	R1	NA	Breast	1639430563	Purified Cell
syn21563064	Breast_R2.fastq.gz	1	1	TRUE	16925027	2020-01-31T20:36:05.459Z	2020-02-18T22:58:25.572Z	3346401	3360851	97b2de23cd621a6521445cb3875e1523	R2	NA	Breast	1660275119	Purified Cell
syn21563071	CRC_R1.fastq.gz	1	1	TRUE	16925027	2020-01-31T20:44:15.721Z	2020-02-18T22:58:25.957Z	3346401	3360851	99fe23cb279f1e936d56f719e9d2f7b7	R1	NA	CRC	1573430676	Purified Cell
syn21563073	CRC_R2.fastq.gz	1	1	TRUE	16925027	2020-01-31T20:48:28.143Z	2020-02-18T22:58:26.311Z	3346401	3360851	0fa964b06a60dc427a51210720498ab8	R2	NA	CRC	1600028021	Purified Cell
syn21563082	Dendritic_cells_1_R1.fastq.gz	1	1	TRUE	16925027	2020-01-31T20:52:00.964Z	2020-02-18T22:58:31.238Z	3346401	3360851	8d6f1cb50720c21712476c2d2f0cb54c	R1	NA	Dendritic_cells_1	1424616401	Purified Cell
syn21563102	Dendritic_cells_1_R2.fastq.gz	1	1	TRUE	16925027	2020-01-31T20:56:11.905Z	2020-02-18T22:58:31.598Z	3346401	3360851	0d97d83223c11a3781d3d20b75403539	R2	NA	Dendritic_cells_1	1441323517	Purified Cell
syn21563117	Dendritic_cells_2_R1.fastq.gz	1	1	TRUE	16925027	2020-01-31T21:01:11.220Z	2020-02-18T22:58:32.669Z	3346401	3360851	bd0701bae5a4b784f4849cd50bb5d386	R1	NA	Dendritic_cells_2	1976749242	Purified Cell
syn21563121	Dendritic_cells_2_R2.fastq.gz	1	1	TRUE	16925027	2020-01-31T21:06:47.306Z	2020-02-18T22:58:33.075Z	3346401	3360851	1aa88a5b506c7bcb9b77b26497c50535	R2	NA	Dendritic_cells_2	2002464042	Purified Cell
syn21563133	Endothelial_cells_R1.fastq.gz	1	1	TRUE	16925027	2020-01-31T21:11:30.081Z	2020-02-18T22:58:27.308Z	3346401	3360851	1bdb56a4bbec15d7a5599f326f0ff32c	R1	NA	Endothelial_cells	1564163773	Purified Cell
syn21563134	Endothelial_cells_R2.fastq.gz	1	1	TRUE	16925027	2020-01-31T21:15:41.522Z	2020-02-18T22:58:28.128Z	3346401	3360851	c61240f534372344c24b4eb858159725	R2	NA	Endothelial_cells	1567878568	Purified Cell
syn21563138	Fibroblasts_R1.fastq.gz	1	1	TRUE	16925027	2020-01-31T21:25:27.622Z	2020-02-18T22:58:28.492Z	3346401	3360851	3ea278f05db97caabf99179d94f76062	R1	NA	Fibroblasts	1694585495	Purified Cell
syn21563139	Fibroblasts_R2.fastq.gz	1	1	TRUE	16925027	2020-01-31T21:31:19.985Z	2020-02-18T22:58:29.347Z	3346401	3360851	5b6cadb3c36748f6acc094c8545464b6	R2	NA	Fibroblasts	1716359754	Purified Cell
syn21563205	Macrophages_1_R1.fastq.gz	1	1	TRUE	16925027	2020-01-31T21:37:53.901Z	2020-02-18T22:58:33.434Z	3346401	3360851	c08c50d5a0e95c2244fe5bf652567be7	R1	NA	Macrophages_1	1481950169	Purified Cell
syn21563207	Macrophages_1_R2.fastq.gz	1	1	TRUE	16925027	2020-01-31T21:46:24.132Z	2020-02-18T22:58:33.790Z	3346401	3360851	eb7a838d19852f976b2100250ff114a2	R2	NA	Macrophages_1	1507183025	Purified Cell
syn21563211	Macrophages_2_R1.fastq.gz	1	1	TRUE	16925027	2020-01-31T21:58:29.801Z	2020-02-18T22:58:34.655Z	3346401	3360851	d4d35166e5f3c52eaae0020f9887bc2f	R1	NA	Macrophages_2	1389636556	Purified Cell
syn21563223	Macrophages_2_R2.fastq.gz	1	1	TRUE	16925027	2020-01-31T22:08:06.195Z	2020-02-18T22:58:35.008Z	3346401	3360851	d64d6d895decd7fc0e6a75302ff74586	R2	NA	Macrophages_2	1408440529	Purified Cell
syn21563224	Memory_CD4_T_cells_1_R1.fastq.gz	1	1	TRUE	16925027	2020-01-31T22:12:36.465Z	2020-02-18T22:58:35.776Z	3346401	3360851	e9b4b66f63fbff8e12b7ca53fe82c5df	R1	NA	Memory_CD4_T_cells_1	1649521303	Purified Cell
syn21563225	Memory_CD4_T_cells_1_R2.fastq.gz	1	1	TRUE	16925027	2020-01-31T22:22:20.319Z	2020-02-18T22:58:36.566Z	3346401	3360851	d2ac15bc5ec101146b21efb0cf45b45f	R2	NA	Memory_CD4_T_cells_1	1658558713	Purified Cell
syn21563259	Memory_CD4_T_cells_2_R1.fastq.gz	1	1	TRUE	16925027	2020-01-31T22:31:35.245Z	2020-02-18T22:58:36.931Z	3346401	3360851	f30aee8f1958a9cec1d3a9f0f1cb4faa	R1	NA	Memory_CD4_T_cells_2	1718194766	Purified Cell
syn21563262	Memory_CD4_T_cells_2_R2.fastq.gz	1	1	TRUE	16925027	2020-01-31T22:38:05.840Z	2020-02-18T22:58:37.287Z	3346401	3360851	f47310a5b1644107b8a9941da87fbadb	R2	NA	Memory_CD4_T_cells_2	1738382923	Purified Cell
syn21563263	Memory_CD8_T_cells_1_R1.fastq.gz	1	1	TRUE	16925027	2020-01-31T22:47:34.661Z	2020-02-18T22:58:37.744Z	3346401	3360851	61984fe26868aa4c7597d1452a43aae1	R1	NA	Memory_CD8_T_cells_1	1259241696	Purified Cell
syn21563264	Memory_CD8_T_cells_1_R2.fastq.gz	1	1	TRUE	16925027	2020-01-31T22:51:53.636Z	2020-02-18T22:58:38.554Z	3346401	3360851	571c3274c911339a3c25ef422a4f5d75	R2	NA	Memory_CD8_T_cells_1	1270996583	Purified Cell
syn21563311	Memory_CD8_T_cells_2_R1.fastq.gz	1	1	TRUE	16925027	2020-01-31T23:08:17.021Z	2020-02-18T22:58:39.446Z	3346401	3360851	ababde52104d985855bbed703d801008	R1	NA	Memory_CD8_T_cells_2	1660950622	Purified Cell
syn21563326	Memory_CD8_T_cells_2_R2.fastq.gz	1	1	TRUE	16925027	2020-01-31T23:13:01.970Z	2020-02-18T22:58:40.871Z	3346401	3360851	9b352f7600471fbb8c8f314848bdc8cd	R2	NA	Memory_CD8_T_cells_2	1686622362	Purified Cell
syn21563347	Monocytes_1_R1.fastq.gz	1	1	TRUE	16925027	2020-01-31T23:18:16.810Z	2020-02-18T22:58:41.222Z	3346401	3360851	061984fddeb712d9ff3cd266f3b58f22	R1	NA	Monocytes_1	1480401547	Purified Cell
syn21563362	Monocytes_1_R2.fastq.gz	1	1	TRUE	16925027	2020-01-31T23:22:50.714Z	2020-02-18T22:58:42.241Z	3346401	3360851	8fc4c1c99b5e2f48bf50aa40546d2b59	R2	NA	Monocytes_1	1492167446	Purified Cell
syn21563381	Monocytes_2_R1.fastq.gz	1	1	TRUE	16925027	2020-01-31T23:39:32.627Z	2020-02-18T22:58:42.747Z	3346401	3360851	f2a1188aebe9cd43836eaaaa0934473b	R1	NA	Monocytes_2	1627993058	Purified Cell
syn21563383	Monocytes_2_R2.fastq.gz	1	1	TRUE	16925027	2020-01-31T23:49:34.508Z	2020-02-18T22:58:44.312Z	3346401	3360851	d76fc0e2cdfdd8b131d2f729a5cdd535	R2	NA	Monocytes_2	1623361934	Purified Cell
syn21563434	NK_cells_1_R1.fastq.gz	1	1	TRUE	16925027	2020-01-31T23:54:19.410Z	2020-02-18T22:58:44.921Z	3346401	3360851	af86f530941d05cf00d1935b0c1863d8	R1	NA	NK_cells_1	1550170700	Purified Cell
syn21563445	NK_cells_1_R2.fastq.gz	1	1	TRUE	16925027	2020-02-01T00:01:49.859Z	2020-02-18T22:58:45.283Z	3346401	3360851	9bb5fb83d94642a0ff0f2d4e9a386873	R2	NA	NK_cells_1	1572817541	Purified Cell
syn21563449	NK_cells_2_R1.fastq.gz	1	1	TRUE	16925027	2020-02-01T00:09:10.380Z	2020-02-18T22:58:45.670Z	3346401	3360851	5c2b21e505f996ca5e1eb966feb6722c	R1	NA	NK_cells_2	1785783180	Purified Cell
syn21563463	NK_cells_2_R2.fastq.gz	1	1	TRUE	16925027	2020-02-01T00:22:10.593Z	2020-02-18T22:58:46.028Z	3346401	3360851	459138a5b5de599dade6b95ce1e2e512	R2	NA	NK_cells_2	1787172130	Purified Cell
syn21563468	Naive_B_cells_1_R1.fastq.gz	1	1	TRUE	16925027	2020-02-01T00:31:43.955Z	2020-02-18T22:58:46.400Z	3346401	3360851	b45eda2e194811d49530d2b64fe45d76	R1	NA	Naive_B_cells_1	1604833339	Purified Cell
syn21563519	Naive_B_cells_1_R2.fastq.gz	1	1	TRUE	16925027	2020-02-01T00:44:20.405Z	2020-02-18T22:58:46.775Z	3346401	3360851	7306971d76015a945ce415a82228d3fe	R2	NA	Naive_B_cells_1	1619758666	Purified Cell
syn21563527	Naive_CD4_T_cells_1_R1.fastq.gz	1	1	TRUE	16925027	2020-02-01T00:57:18.873Z	2020-02-18T22:58:47.135Z	3346401	3360851	100516b2f3d22322751fe181aefadb0a	R1	NA	Naive_CD4_T_cells_1	1803729919	Purified Cell
syn21563541	Naive_CD4_T_cells_1_R2.fastq.gz	1	1	TRUE	16925027	2020-02-01T01:03:13.536Z	2020-02-18T22:58:47.487Z	3346401	3360851	fe7de4c4591d1b123d986899ee3eef40	R2	NA	Naive_CD4_T_cells_1	1823230012	Purified Cell
syn21563552	Naive_CD4_T_cells_2_R1.fastq.gz	1	1	TRUE	16925027	2020-02-01T01:09:07.988Z	2020-02-18T22:58:47.844Z	3346401	3360851	635f8acae38765652c46e65c50f95a40	R1	NA	Naive_CD4_T_cells_2	1989513425	Purified Cell
syn21563561	Naive_CD4_T_cells_2_R2.fastq.gz	1	1	TRUE	16925027	2020-02-01T01:21:11.101Z	2020-02-18T22:58:48.210Z	3346401	3360851	f4a1cfdbb454a54a0bf2fc05ed7d0350	R2	NA	Naive_CD4_T_cells_2	1997777866	Purified Cell
syn21563562	Naive_CD8_T_cells_2_R1.fastq.gz	1	1	TRUE	16925027	2020-02-01T01:32:48.810Z	2020-02-18T22:58:48.761Z	3346401	3360851	a39f68a4467a0f4d0155b978534ea12d	R1	NA	Naive_CD8_T_cells_2	1924801828	Purified Cell
syn21563563	Naive_CD8_T_cells_2_R2.fastq.gz	1	1	TRUE	16925027	2020-02-01T01:38:51.273Z	2020-02-18T22:58:49.120Z	3346401	3360851	8ca51725a8b1688b4787bca6bdfe5c85	R2	NA	Naive_CD8_T_cells_2	1945419163	Purified Cell
syn21563564	Neutrophils_2_R1.fastq.gz	1	1	TRUE	16925027	2020-02-01T01:46:10.243Z	2020-02-18T22:58:49.466Z	3346401	3360851	b6c2b782c3c0672f2e1d781f17becb92	R1	NA	Neutrophils_2	1590869733	Purified Cell
syn21563569	Neutrophils_2_R2.fastq.gz	1	1	TRUE	16925027	2020-02-01T01:57:12.710Z	2020-02-18T22:58:49.920Z	3346401	3360851	9c7f9c15830895aabfc6952fbb2abf4e	R2	NA	Neutrophils_2	1625594955	Purified Cell
syn21563595	RM10_R1.fastq.gz	1	1	TRUE	16925027	2020-02-01T02:15:44.475Z	2020-02-18T23:00:54.470Z	3346401	3360851	0e3650abebf336c82549ce7912190ae8	R1	96449879	RM10	5101583320	Random Mix
syn21563596	RM10_R2.fastq.gz	1	1	TRUE	16925027	2020-02-01T02:34:51.897Z	2020-02-18T23:00:54.820Z	3346401	3360851	453ac417df22e237bdb7ddc3679415af	R2	96449879	RM10	5320971342	Random Mix
syn21563597	RM11_R1.fastq.gz	1	1	TRUE	16925027	2020-02-01T02:51:02.397Z	2020-02-18T23:00:55.205Z	3346401	3360851	29a6d805b867f34fe15c4349624cf060	R1	108167457	RM11	5694312551	Random Mix
syn21563599	RM11_R2.fastq.gz	1	1	TRUE	16925027	2020-02-01T03:07:46.012Z	2020-02-18T23:00:55.576Z	3346401	3360851	722a031ec433fda1ff62d449ea97649f	R2	108167457	RM11	5907507590	Random Mix
syn21563601	RM12_R1.fastq.gz	1	1	TRUE	16925027	2020-02-01T03:24:39.873Z	2020-02-18T23:00:55.928Z	3346401	3360851	b502f9a8c2bdfe6010f0261801efd1a0	R1	104241031	RM12	5491890223	Random Mix
syn21563618	RM12_R2.fastq.gz	1	1	TRUE	16925027	2020-02-01T03:53:44.157Z	2020-02-18T23:00:56.529Z	3346401	3360851	5e5b089a4d40258f1580cbfa62c33f41	R2	104241031	RM12	5685191965	Random Mix
syn21563619	RM13_R1.fastq.gz	1	1	TRUE	16925027	2020-02-01T04:15:37.353Z	2020-02-18T23:00:57.154Z	3346401	3360851	443a069e63fc3ec3111ce8330209114b	R1	97666335	RM13	5206736557	Random Mix
syn21563639	RM13_R2.fastq.gz	1	1	TRUE	16925027	2020-02-01T04:35:36.446Z	2020-02-18T23:00:57.534Z	3346401	3360851	2750ab643d9e7eb4251dfbf6245744c5	R2	97666335	RM13	5460881576	Random Mix
syn21563654	RM14_R1.fastq.gz	1	1	TRUE	16925027	2020-02-01T05:02:02.658Z	2020-02-18T23:00:58.086Z	3346401	3360851	50bacecd1cb17f6be31862a479af855d	R1	115332834	RM14	6108307801	Random Mix
syn21563656	RM14_R2.fastq.gz	1	1	TRUE	16925027	2020-02-01T05:18:50.493Z	2020-02-18T23:00:59.189Z	3346401	3360851	dd186684f4abeb1139fb2fa413c9ded1	R2	115332834	RM14	6330818777	Random Mix
syn21563693	RM15_R1.fastq.gz	1	1	TRUE	16925027	2020-02-01T05:44:20.411Z	2020-02-18T23:01:00.590Z	3346401	3360851	80ae46eda1e9e1a4094e147df346670d	R1	81734155	RM15	4319290148	Random Mix
syn21563717	RM15_R2.fastq.gz	1	1	TRUE	16925027	2020-02-01T05:57:18.161Z	2020-02-18T23:01:01.583Z	3346401	3360851	27e68bdde8d3da5035cc3dcd27f19c0f	R2	81734155	RM15	4516921550	Random Mix
syn21563739	RM16_R1.fastq.gz	1	1	TRUE	16925027	2020-02-01T06:09:19.495Z	2020-02-18T23:01:02.204Z	3346401	3360851	69f993e2ce6ba87225108798fe11d477	R1	85791367	RM16	4562946561	Random Mix
syn21563765	RM16_R2.fastq.gz	1	1	TRUE	16925027	2020-02-01T06:24:41.388Z	2020-02-18T23:01:02.633Z	3346401	3360851	725074db4d24c7dd2aeb48a0b588c023	R2	85791367	RM16	4762341825	Random Mix
syn21563837	RM17_R1.fastq.gz	1	1	TRUE	16925027	2020-02-01T06:47:50.432Z	2020-02-18T23:01:03.050Z	3346401	3360851	2fcb0b6caf4d98a5aae293b6bc90cb1c	R1	88391982	RM17	4702537816	Random Mix
syn21563888	RM17_R2.fastq.gz	1	1	TRUE	16925027	2020-02-01T07:04:14.777Z	2020-02-18T23:01:03.855Z	3346401	3360851	3a0d3560f155d023f8ab0b99da15a5c3	R2	88391982	RM17	4895775610	Random Mix
syn21563922	RM18_R1.fastq.gz	1	1	TRUE	16925027	2020-02-01T07:18:59.796Z	2020-02-18T23:01:04.212Z	3346401	3360851	8591912066524175bcb493444c86ee1e	R1	87488943	RM18	4617030138	Random Mix
syn21563954	RM18_R2.fastq.gz	1	1	TRUE	16925027	2020-02-01T07:31:18.824Z	2020-02-18T23:01:04.668Z	3346401	3360851	0f1c72d8462e53d8a208e116fb938cb5	R2	87488943	RM18	4788080608	Random Mix
syn21564002	RM19_R1.fastq.gz	1	1	TRUE	16925027	2020-02-01T07:48:54.006Z	2020-02-18T23:01:05.660Z	3346401	3360851	b6ef65ae803e70f3c0786c222261581c	R1	85754591	RM19	4592913532	Random Mix
syn21564015	RM19_R2.fastq.gz	1	1	TRUE	16925027	2020-02-01T08:00:54.200Z	2020-02-18T23:01:06.655Z	3346401	3360851	abb22db8e990b370d59d30ffdc5c24ff	R2	85754591	RM19	4758296882	Random Mix
syn21564017	RM1_R1.fastq.gz	1	1	TRUE	16925027	2020-02-01T08:11:23.662Z	2020-02-18T23:01:07.576Z	3346401	3360851	6f073491985268bb7adfc7d3a855cb22	R1	76734069	RM1	4096154629	Random Mix
syn21564019	RM1_R2.fastq.gz	1	1	TRUE	16925027	2020-02-01T08:23:22.419Z	2020-02-18T23:01:08.364Z	3346401	3360851	999330f230c5ab2366a7f5e66da5452a	R2	76734069	RM1	4206772271	Random Mix
syn21564022	RM20_R1.fastq.gz	1	1	TRUE	16925027	2020-02-01T08:37:41.015Z	2020-02-18T23:01:09.150Z	3346401	3360851	31ac1bffc2db54ac8c4d25528389eec0	R1	99421852	RM20	5281478151	Random Mix
syn21564214	RM20_R2.fastq.gz	1	1	TRUE	16925027	2020-02-01T08:56:28.583Z	2020-02-18T23:01:10.556Z	3346401	3360851	74402621b3f8d7c910215e150ce86792	R2	99421852	RM20	5552242303	Random Mix
syn21564236	RM21_R1.fastq.gz	1	1	TRUE	16925027	2020-02-01T09:15:55.595Z	2020-02-18T23:01:11.198Z	3346401	3360851	59e2b99afec53a0e242235f322b63093	R1	136205674	RM21	7163928968	Random Mix
syn21564287	RM21_R2.fastq.gz	1	1	TRUE	16925027	2020-02-01T09:37:30.575Z	2020-02-18T23:01:11.779Z	3346401	3360851	b227b667484dae5507622d02557ff853	R2	136205674	RM21	7493313314	Random Mix
syn21564289	RM22_R1.fastq.gz	1	1	TRUE	16925027	2020-02-01T09:57:22.660Z	2020-02-18T23:01:12.139Z	3346401	3360851	989a3c9a3bfa2ef29f3eb26b860695aa	R1	146331277	RM22	7739936393	Random Mix
syn21564303	RM22_R2.fastq.gz	1	1	TRUE	16925027	2020-02-01T10:31:07.335Z	2020-02-18T23:01:12.494Z	3346401	3360851	b9655c57d34d7750e84fbc6100e37a50	R2	146331277	RM22	8101501932	Random Mix
syn21564313	RM23_R1.fastq.gz	1	1	TRUE	16925027	2020-02-01T10:43:28.800Z	2020-02-18T23:01:13.510Z	3346401	3360851	d763ce0f88e824bd300d70dac2af21d0	R1	93755802	RM23	4967487786	Random Mix
syn21564324	RM23_R2.fastq.gz	1	1	TRUE	16925027	2020-02-01T10:58:08.005Z	2020-02-18T23:01:14.795Z	3346401	3360851	70e84fb8fb3179d49f5d66acd8161055	R2	93755802	RM23	5250429385	Random Mix
syn21564326	RM24_R1.fastq.gz	1	1	TRUE	16925027	2020-02-01T11:13:22.503Z	2020-02-18T23:01:15.355Z	3346401	3360851	59d85477ec2dab12bdbe13afe9813fe7	R1	106603855	RM24	5574960977	Random Mix
syn21564330	RM24_R2.fastq.gz	1	1	TRUE	16925027	2020-02-01T11:35:55.164Z	2020-02-18T23:01:16.542Z	3346401	3360851	6f5ce6bb9ebcd0725a8ba555e67673c9	R2	106603855	RM24	5836010572	Random Mix
syn21564331	RM25_R1.fastq.gz	1	1	TRUE	16925027	2020-02-01T11:47:06.978Z	2020-02-18T23:01:17.278Z	3346401	3360851	d8b081d71267fc3fecfe63063ab15d27	R1	79711134	RM25	4149036341	Random Mix
syn21564342	RM25_R2.fastq.gz	1	1	TRUE	16925027	2020-02-01T11:59:13.381Z	2020-02-18T23:01:17.671Z	3346401	3360851	0620ce00feeafc9cdbcd4ff8fce8d771	R2	79711134	RM25	4344157835	Random Mix
syn21564343	RM26_R1.fastq.gz	1	1	TRUE	16925027	2020-02-01T12:13:05.129Z	2020-02-18T23:01:18.036Z	3346401	3360851	bdad7ec6af2cbd77a39fe174a2532330	R1	103487763	RM26	5512952654	Random Mix
syn21564345	RM26_R2.fastq.gz	1	1	TRUE	16925027	2020-02-01T12:32:23.591Z	2020-02-18T23:01:18.841Z	3346401	3360851	d9382b6507c667120be383ca06d00c79	R2	103487763	RM26	5751280363	Random Mix
syn21564346	RM27_R1.fastq.gz	1	1	TRUE	16925027	2020-02-01T12:45:16.732Z	2020-02-18T23:01:19.477Z	3346401	3360851	9d96197e1eee9d93180aaca19620a6d4	R1	84583001	RM27	4511856767	Random Mix
syn21564347	RM27_R2.fastq.gz	1	1	TRUE	16925027	2020-02-01T12:57:49.572Z	2020-02-18T23:01:19.991Z	3346401	3360851	f73d553d7d8adde1df4902a0f4faaf3b	R2	84583001	RM27	4763757569	Random Mix
syn21564348	RM28_R1.fastq.gz	1	1	TRUE	16925027	2020-02-01T13:10:14.444Z	2020-02-18T23:01:20.637Z	3346401	3360851	35d6f6b22742b0addbd38f7193917c92	R1	87423798	RM28	4655719020	Random Mix
syn21564349	RM28_R2.fastq.gz	1	1	TRUE	16925027	2020-02-01T13:22:49.792Z	2020-02-18T23:01:21.977Z	3346401	3360851	ff66db9e3e87c0fa27441faf2b118b0c	R2	87423798	RM28	4879100860	Random Mix
syn21564378	RM29_R1.fastq.gz	1	1	TRUE	16925027	2020-02-01T13:42:28.786Z	2020-02-18T23:01:22.365Z	3346401	3360851	e9c5b4b9a2ada283ada2e79b1e9aad9b	R1	123666233	RM29	6446811368	Random Mix
syn21564444	RM29_R2.fastq.gz	1	1	TRUE	16925027	2020-02-01T13:58:59.732Z	2020-02-18T23:01:22.720Z	3346401	3360851	acc95388d2d6eea0c8013442a785979b	R2	123666233	RM29	6693484735	Random Mix
syn21564445	RM2_R1.fastq.gz	1	1	TRUE	16925027	2020-02-01T14:12:06.566Z	2020-02-18T23:01:23.571Z	3346401	3360851	adade664e1531ce59e1f2934359a057d	R1	89685185	RM2	4704574590	Random Mix
syn21564446	RM2_R2.fastq.gz	1	1	TRUE	16925027	2020-02-01T14:25:10.749Z	2020-02-18T23:01:23.920Z	3346401	3360851	d3bb0ce79e5bbb62cd5cb5d4a12b04b3	R2	89685185	RM2	4894025116	Random Mix
syn21564479	RM30_R1.fastq.gz	1	1	TRUE	16925027	2020-02-01T14:40:11.395Z	2020-02-18T23:01:24.309Z	3346401	3360851	8aad33663ce819b2e10eefc9c7988966	R1	107800095	RM30	5709463676	Random Mix
syn21564498	RM30_R2.fastq.gz	1	1	TRUE	16925027	2020-02-01T15:04:11.988Z	2020-02-18T23:01:25.061Z	3346401	3360851	7aefab38a7a0d3284c6093dee298f0b3	R2	107800095	RM30	5940709652	Random Mix
syn21564504	RM31_R1.fastq.gz	1	1	TRUE	16925027	2020-02-01T15:23:12.012Z	2020-02-18T23:01:25.540Z	3346401	3360851	003103c10432e005fd75e29941d8895a	R1	108669300	RM31	5770680705	Random Mix
syn21564577	RM31_R2.fastq.gz	1	1	TRUE	16925027	2020-02-01T15:58:26.086Z	2020-02-18T23:01:25.901Z	3346401	3360851	bd1e9414c6c377d4fe2cd427a7cf8a9c	R2	108669300	RM31	6030894761	Random Mix
syn21564580	RM32_R1.fastq.gz	1	1	TRUE	16925027	2020-02-01T16:16:13.819Z	2020-02-18T23:01:26.777Z	3346401	3360851	304db7f3c5b6d42c3698177578d4e70b	R1	111219984	RM32	5844088951	Random Mix
syn21564581	RM32_R2.fastq.gz	1	1	TRUE	16925027	2020-02-01T16:32:32.316Z	2020-02-18T23:01:27.129Z	3346401	3360851	c15a93ce31e1c62ef589be0f2156ce0e	R2	111219984	RM32	6074150466	Random Mix
syn21564582	RM33_R1.fastq.gz	1	1	TRUE	16925027	2020-02-01T16:49:16.194Z	2020-02-18T23:01:27.866Z	3346401	3360851	b78dee99ad1f45680f7cede763b6898c	R1	90592283	RM33	4750543386	Random Mix
syn21564583	RM33_R2.fastq.gz	1	1	TRUE	16925027	2020-02-01T17:00:17.715Z	2020-02-18T23:01:28.215Z	3346401	3360851	173acfedb439ebf21b1d214a7e177303	R2	90592283	RM33	4928335301	Random Mix
syn21564584	RM34_R1.fastq.gz	1	1	TRUE	16925027	2020-02-01T17:12:33.297Z	2020-02-18T23:01:29.386Z	3346401	3360851	fd378b12a75a44a0b066487693606a69	R1	99026518	RM34	5220183671	Random Mix
syn21564585	RM34_R2.fastq.gz	1	1	TRUE	16925027	2020-02-01T17:24:56.500Z	2020-02-18T23:01:30.128Z	3346401	3360851	fa418d521a7b27d8ddcf2ff023eeccc3	R2	99026518	RM34	5424132960	Random Mix
syn21564594	RM35_R1.fastq.gz	1	1	TRUE	16925027	2020-02-01T17:38:46.006Z	2020-02-18T23:01:30.484Z	3346401	3360851	4819e8bdd1ff76f865a4dd1dae166d1f	R1	97068711	RM35	5129502542	Random Mix
syn21564637	RM35_R2.fastq.gz	1	1	TRUE	16925027	2020-02-01T17:52:16.577Z	2020-02-18T23:01:30.934Z	3346401	3360851	d987dbde054217c2a645d1dab8a4dde7	R2	97068711	RM35	5374244395	Random Mix
syn21564675	RM36_R1.fastq.gz	1	1	TRUE	16925027	2020-02-01T18:05:10.302Z	2020-02-18T23:01:31.291Z	3346401	3360851	47d87eff6f2e5874296b83d85dd481a5	R1	108041153	RM36	5656795591	Random Mix
syn21564877	RM36_R2.fastq.gz	1	1	TRUE	16925027	2020-02-01T18:23:59.532Z	2020-02-18T23:01:31.766Z	3346401	3360851	2e2229b25f24e025c23849e9708cbc80	R2	108041153	RM36	5913752292	Random Mix
syn21564928	RM3_R1.fastq.gz	1	1	TRUE	16925027	2020-02-01T18:41:39.543Z	2020-02-18T23:01:32.153Z	3346401	3360851	8d715a17328bdf6cfcf912a45eaa0e49	R1	106231604	RM3	5553943759	Random Mix
syn21565033	RM3_R2.fastq.gz	1	1	TRUE	16925027	2020-02-01T19:19:38.753Z	2020-02-18T23:01:33.081Z	3346401	3360851	c6e30c3e06972bb6558bc860b9c074ef	R2	106231604	RM3	5794950906	Random Mix
syn21565151	RM4_R1.fastq.gz	1	1	TRUE	16925027	2020-02-01T20:04:06.593Z	2020-02-18T23:01:33.450Z	3346401	3360851	b2a777779c2bdb2fd73536f198adfbfb	R1	114049709	RM4	5964908093	Random Mix
syn21565270	RM4_R2.fastq.gz	1	1	TRUE	16925027	2020-02-01T20:34:26.650Z	2020-02-18T23:01:34.639Z	3346401	3360851	9950c72e674af7a564c618b841ad1f5d	R2	114049709	RM4	6191618603	Random Mix
syn21565278	RM5_R1.fastq.gz	1	1	TRUE	16925027	2020-02-01T21:07:55.218Z	2020-02-18T23:01:35.016Z	3346401	3360851	39c818675825e80f8a9c45e4b5638a72	R1	97679151	RM5	5219249581	Random Mix
syn21565284	RM5_R2.fastq.gz	1	1	TRUE	16925027	2020-02-01T21:32:33.327Z	2020-02-18T23:01:35.381Z	3346401	3360851	7f09b4bf275e28e663773e819589cee3	R2	97679151	RM5	5468392653	Random Mix
syn21565290	RM6_R1.fastq.gz	1	1	TRUE	16925027	2020-02-01T22:00:30.459Z	2020-02-18T23:01:35.740Z	3346401	3360851	0b8078c015b88e178b4491404224dd15	R1	103220311	RM6	5507718816	Random Mix
syn21565295	RM6_R2.fastq.gz	1	1	TRUE	16925027	2020-02-01T22:23:24.600Z	2020-02-18T23:01:36.682Z	3346401	3360851	9fc7def6524ff23e5b191af9fc6d70f3	R2	103220311	RM6	5719604698	Random Mix
syn21565372	RM7_R1.fastq.gz	1	1	TRUE	16925027	2020-02-01T22:47:04.250Z	2020-02-18T23:01:37.042Z	3346401	3360851	3517b8fdabc1e1f8cb694765d5e9c43a	R1	76266458	RM7	4073488996	Random Mix
syn21565384	RM7_R2.fastq.gz	1	1	TRUE	16925027	2020-02-01T23:21:51.144Z	2020-02-18T23:01:37.443Z	3346401	3360851	391f771191ccaa679048b91c677e1965	R2	76266458	RM7	4300299577	Random Mix
syn21565395	RM8_R1.fastq.gz	1	1	TRUE	16925027	2020-02-01T23:51:34.107Z	2020-02-18T23:01:38.231Z	3346401	3360851	dc8ac6799b6ceb26cab18471a1df659e	R1	103499394	RM8	5510021820	Random Mix
syn21565415	RM8_R2.fastq.gz	1	1	TRUE	16925027	2020-02-02T00:20:34.849Z	2020-02-18T23:01:38.894Z	3346401	3360851	b944442e8d276b54f038e9ac1305ee6b	R2	103499394	RM8	5751904055	Random Mix
syn21565423	RM9_R1.fastq.gz	1	1	TRUE	16925027	2020-02-02T00:34:24.798Z	2020-02-18T23:01:39.269Z	3346401	3360851	67f93317d5b13cd6a06d402013c78508	R1	86929554	RM9	4626035637	Random Mix
syn21565433	RM9_R2.fastq.gz	1	1	TRUE	16925027	2020-02-02T00:47:32.779Z	2020-02-18T23:01:39.781Z	3346401	3360851	37ee4a5e50a046cf2198b86d6a7a532b	R2	86929554	RM9	4840449840	Random Mix
syn21565504	Tregs_R1.fastq.gz	1	1	TRUE	16925027	2020-02-02T01:04:15.658Z	2020-02-18T22:58:29.726Z	3346401	3360851	27758e46c85701cf5077457fc4aec4af	R1	NA	Tregs	1634892742	Purified Cell
syn21565506	Tregs_R2.fastq.gz	1	1	TRUE	16925027	2020-02-02T01:10:14.271Z	2020-02-18T22:58:30.780Z	3346401	3360851	ebdacb6087b48995a8df99304ba1cc79	R2	NA	Tregs	1660072832	Purified Cell
